protein_name,gene_names,chr,start,end,ADSP,combined,TWAS-L,TWAS-LQ
Apolipoprotein C-I,APOC1,19,45417504,45422606,2.42255666813018e-05,3.64548229436767e-07,7.21449386891076e-07,8.78893720539253e-14
Apolipoprotein E,APOE,19,45409011,45412650,0,0,2.07253801374891e-44,6.16013391982864e-45
Basal cell adhesion molecule,BCAM,19,45312328,45324673,9.62121983029141e-05,7.30462945686128e-09,4.00830284678954e-08,6.00940621676455e-24
Complement receptor type 1,CR1,1,207669492,207813992,0.00472644997480004,1.14991769528117e-05,2.00411764015716e-06,9.80614648912861e-06
Retinoic acid receptor responder protein 2,RARRES2,7,150035408,150038763,0.004798182142358,2.70570210680887e-09,0.0008329504481066,0.0037538000164749
Carbonic anhydrase 13,CA13,8,86132816,86196302,0.347347154581679,0.00258913608173761,0.0007010101527888,3.27053756672383e-07
Charged multivesicular body protein 1a,CHMP1A,16,89710839,89724253,0.0948869195144046,0.0141620149089533,0.0033203643262669,8.44111132988234e-06
