gene_name,chr,TSS,TES,ADSP,combined,TWAS-L,TWAS-LQ
PROC,2,127418426,127418427,0.0915305237810689,0.00219842554372168,0.000272637207148317,1.24925935274146e-05
