gene_name,chr,TSS,TES,ADSP,LS-imp IGAP,LS-imp EADB,AD Proxy,LS-imp Combined,TWAS-L,TWAS-LQ
PROC,2,127418426,127418427,0.0915305237810689,0.381172309143767,0.000740454952566749,0.076368607531321,0.00219842554372168,0.000272637207148317,1.24925935274146e-05
WASH2P,2,113588549,113588550,0.00684138698480374,0.000288101984792843,0.00192397376490788,6.66460215581477e-06,1.94758137346818e-05,0.000216678309832122,0.000874555656380681
