gene_name,chr,TSS,TES,ADSP,combined,TWAS-L,TWAS-LQ
RP11-672L10.6,18,813273,813274,0.0111679733154279,2.57793871570232e-05,1,1
SCFD1,14,30622111,30622112,0.00018281516128993,1,1,1
WASH2P,2,113588549,113588550,0.00240095815452383,0.691638309638722,1,1
MS4A4A,11,60280540,60280541,1,0.0238776561173565,0.0281502416258379,0.0721752987711166
RP11-395L14.18,2,113607907,113607908,1,0.0249038445433259,1,
