gene_name,chr,TSS,TES,ADSP,LS-imp IGAP,LS-imp EADB,AD Proxy,TWAS-L,TWAS-LQ,
RP11-672L10.6,18,813273,813274,0.0108585509150334,1,0.113970820196173,8.35565945670735e-06,1,1,1
SCFD1,14,30622111,30622112,0.000177750042988053,1,1,1,1,1,1
WASH2P,2,113588549,113588550,0.00233443666361076,0.35849091895241,1,1,1,1,1
MS4A4A,11,60280540,60280541,1,0.0148322530416226,1,0.0161939162039092,1,0.0273703046498495,0.0699630536180356
RP11-395L14.18,2,113607907,113607908,1,0.0148322530416226,1,1,1,1,100
CHST8,19,33621954,33621955,1,1,1,1,0.0232160963640375,1,1
YBX3,12,10723311,10723312,1,1,1,1,2.50651376124073e-05,1,1
ZNF473,19,50025946,50025947,1,1,1,1,0.0242138529808457,1,1
