gene_name,chr,TSS,TES,ADSP,LS-imp IGAP,LS-imp EADB,AD Proxy,LS-imp Combined,TWAS-L,TWAS-LQ
MS4A4A,11,60280540,60280541,0.0111333547663083,3.72146601368417e-07,0.000517706177227406,4.06311223333233e-07,5.82500267132247e-07,3.43365428882456e-07,1.68417929693061e-06
MS4A6A,11,60184665,60184666,0.000572514988613881,0.000334788287614851,0.000473203609319184,0.000557374445413039,0.00043513933621131,4.16664362062764e-06,
RP11-395L14.18,2,113607907,113607908,0.211656313872073,3.04116212102024e-07,0.000268034288281538,0.0210521380143104,9.11301513084606e-07,0.00724959654252655,
RP11-672L10.6,18,813273,813274,4.08667463480672e-07,0.000272406298117422,1.42978458067544e-06,1.04823261182219e-10,3.14446690907744e-10,0.0015447887641058,0.00665658416500444
SCFD1,14,30622111,30622112,2.22990648168775e-09,0.000337179786981279,0.000740743150735856,0.0214774041830082,0.000687716040516651,0.916665048405593,0.130178315382009
WASH2P,2,113588549,113588550,5.85718614720676e-08,1.34920005142036e-05,0.987850079850936,0.00495651960426713,4.04108618374255e-05,0.000405974250959157,0.00137924157312439
