gene_name,chr,TSS,TES,ADSP,LS-imp IGAP,LS-imp EADB,AD Proxy,LS-imp Combined,TWAS-L,TWAS-LQ
MS4A6A,11,60184665,60184666,1,0.631018832000725,0.0135496794097001,1,1,0.00757316594593312,0.0179302456822945
CR1L,1,207645173,207645174,1,0.730940687962327,0.225099046614058,0.0828428457091577,1,1,1
CHRNB1,17,7445060,7445061,1,1,1,1,0.0401507272770948,1,1
