gene_name,chr,TSS,TES,ADSP,LS-imp IGAP,LS-imp EADB,AD Proxy,LS-imp Combined,TWAS-L,TWAS-LQ
CR1L,1,207645173,207645174,0.00279496670037332,6.39254025090463e-05,1.96863403504333e-05,2.41504422276995e-06,6.24335383575536e-06,0.378761512399527,0.346974649948189
FNBP1L,1,93448130,93448131,0.085017456622774,1.16795310831086e-05,8.28976317357455e-06,2.62404486397472e-05,1.22769840757431e-05,0.0465862574447159,0.0070780890416872
MS4A6A,11,60184665,60184666,0.0152629744379166,3.6791067994757e-05,3.95001821806851e-07,0.000235870394615034,1.17047864689468e-06,2.20773809847313e-07,5.76371757333921e-07
