gene_name,chr,TSS,TES,ADSP,combined,TWAS-L,TWAS-LQ
MS4A6A,11,60184665,60184666,1,0.0401507272770948,0.00757316594593312,0.0179302456822945
