gene_name,chr,TSS,TES,ADSP,combined,TWAS-L,TWAS-LQ
CR1L,1,207645173,207645174,0.00279496670037332,6.24335383575536e-06,0.378761512399527,0.346974649948189
FNBP1L,1,93448130,93448131,0.085017456622774,1.22769840757431e-05,0.0465862574447159,0.0070780890416872
MS4A6A,11,60184665,60184666,0.0152629744379166,1.17047864689468e-06,2.20773809847313e-07,5.76371757333921e-07
