protein_name,gene_names,chr,start,end,ADSP,combined,TWAS-L,TWAS-LQ
Apolipoprotein E,APOE,19,45409011,45412650,0,0,5.3959557697403e-112,1.83881523451932e-121
Complement receptor type 1,CR1,1,207669492,207813992,0.00114510878847651,5.39364534729581e-06,3.71912678788259e-08,2.64450205135558e-07
Receptor tyrosine-protein kinase erbB-3,ERBB3,12,56473641,56497289,0.0557017977834403,0.0186005748755133,4.60282171514902e-06,2.32522508829186e-05
Lipocalin-15,LCN15,9,139654086,139660707,0.00769381774158329,0.0623456040851463,0.00233474302576001,4.06418481145481e-06
Paired immunoglobulin-like type 2 receptor alpha,PILRA,7,99965153,99997719,0.0020770537940174,0.0256950177748227,0.000759476991646389,3.38321540466099e-05
