protein_name,gene_names,chr,start,end,ADSP,LS-imp IGAP,LS-imp EADB,AD Proxy,LS-imp Combined,TWAS-L,TWAS-LQ
APOE,Apolipoprotein E,19,45409011,45412650,0,0,0,0,0,5.3959557697403e-112,1.83881523451932e-121
CR1,Complement receptor type 1,1,207669492,207813992,0.00114510878847651,3.14749535923475e-05,1.90697394247819e-06,0.0208954555621392,5.39364534729581e-06,3.71912678788259e-08,2.64450205135558e-07
ERBB3,Receptor tyrosine-protein kinase erbB-3,12,56473641,56497289,0.0557017977834403,0.00856840809877957,0.0461301152336446,0.0434041976719967,0.0186005748755133,4.60282171514902e-06,2.32522508829186e-05
LCN15,Lipocalin-15,9,139654086,139660707,0.00769381774158329,0.0659190393288758,0.187580602981529,0.0357552673818009,0.0623456040851463,0.00233474302576001,4.06418481145481e-06
PILRA,Paired immunoglobulin-like type 2 receptor alpha,7,99965153,99997719,0.0020770537940174,0.0184351359599533,0.0385324967987963,0.0273361411369222,0.0256950177748227,0.000759476991646389,3.38321540466099e-05
